m_name,bf
IDS_pref:z_age_months,0.024125253675395503
IDS_pref:CDI.z_age_months,43.03091690034042
IDS_pref:method,608.3373791709362
IDS_pref,12.0201563666512
method,32.69427262755001
z_age_months,0.18673293190701226
gender,0.7135967685528513
CDI.z_age_months,0.04787919140252943
