m_name,bf
IDS_pref:z_age_months,1.0495187244861097e-4
IDS_pref:CDI.z_age_months,0.6936684254601676
IDS_pref:method,0.02548678995517249
IDS_pref,0.0022220965111643507
method,0.5069882390518526
z_age_months,0.011810000287131995
gender,0.03658584372542863
CDI.z_age_months,245353805977028.34
