m_name,bf
IDS_pref:z_age_months,20.869804618423515
IDS_pref:CDI.z_age_months,21.189941242456293
IDS_pref:method,57.29647953098588
IDS_pref,60.768179783683266
method,79.6972569667498
z_age_months,32.62830421631253
gender,147.92652886283398
CDI.z_age_months,3262460627201973e3
